{
  "kmeans_k21": {
    "genre_nmi": 0.3338007353527783,
    "genre_ari": 0.19482563383451731,
    "genre_ami": 0.33363304564948226,
    "decade_nmi": 0.29486392027467784,
    "decade_ari": 0.18390363626794307,
    "decade_ami": 0.2947471785085438,
    "lang_nmi": 0.21617896563766273,
    "lang_ari": 0.08545517801436303,
    "lang_ami": 0.2160597145275711
  },
  "gmm_k21": {
    "genre_nmi": 0.31196490674902,
    "genre_ari": 0.14667917823201698,
    "genre_ami": 0.31179871247905916,
    "decade_nmi": 0.20462671449904418,
    "decade_ari": 0.06637607594170293,
    "decade_ami": 0.20449977685231813,
    "lang_nmi": 0.24575811678270904,
    "lang_ari": 0.0436283430946814,
    "lang_ami": 0.24564880268207703
  },
  "per_axis_k_kmeans": {
    "genre_nmi_k21": 0.3338007353527783,
    "genre_ari_k21": 0.19482563383451731,
    "genre_ami_k21": 0.33363304564948226,
    "decade_nmi_k12": 0.2584687655583854,
    "decade_ari_k12": 0.1298684335834295,
    "decade_ami_k12": 0.2583923261575561,
    "lang_nmi_k11": 0.18510566511860005,
    "lang_ari_k11": 0.08008709815505545,
    "lang_ami_k11": 0.18503225307225793
  },
  "multilabel_genre_macro_nmi_kmeans": {
    "macro": 0.05034435156003951,
    "per_genre": {
      "0": 0.14311408989207292,
      "1": 0.01824393654059498,
      "2": 0.016972249342531318,
      "3": 0.06005212869064173,
      "4": 0.020245178047509006,
      "5": 0.04352739712033011,
      "6": 0.09178313464531358,
      "7": 0.013290326790294838,
      "8": 0.0077461860365536156,
      "9": 0.008453803949383469,
      "10": 0.004916395062334259,
      "11": 0.023138965724837614,
      "12": 0.018984462452657152,
      "13": 0.013204922766759001,
      "14": 0.06546260811337702,
      "15": 0.012065159981108822,
      "16": 0.00476679741597387,
      "17": 0.1306145613874689,
      "18": 0.3472311842329261,
      "19": 0.004996426923806371,
      "20": 0.008421467644355222
    },
    "n_genres_evaluated": 21
  }
}