{
  "kmeans_k21": {
    "genre_nmi": 0.3329711068198134,
    "genre_ari": 0.24440046653075337,
    "genre_ami": 0.33280341042786593,
    "decade_nmi": 0.3434892904852787,
    "decade_ari": 0.21103119113786634,
    "decade_ami": 0.3433806787415597,
    "lang_nmi": 0.2934127995589643,
    "lang_ari": 0.0899726229318431,
    "lang_ami": 0.29330547710931515
  },
  "per_axis_k_kmeans": {
    "genre_nmi_k21": 0.3329711068198134,
    "genre_ari_k21": 0.24440046653075337,
    "genre_ami_k21": 0.33280341042786593,
    "decade_nmi_k12": 0.3292060914138172,
    "decade_ari_k12": 0.17802262819077813,
    "decade_ami_k12": 0.32913740134513825,
    "lang_nmi_k11": 0.3298194648243696,
    "lang_ari_k11": 0.13764645935443673,
    "lang_ami_k11": 0.3297599421179941
  },
  "multilabel_genre_macro_nmi_kmeans": {
    "macro": 0.04664075165747297,
    "per_genre": {
      "0": 0.08068485568339197,
      "1": 0.03277217950704994,
      "2": 0.02102740905348433,
      "3": 0.1039517610824545,
      "4": 0.015718283705972246,
      "5": 0.058831358987477676,
      "6": 0.09672539214591915,
      "7": 0.011443240841467289,
      "8": 0.0077456199190748766,
      "9": 0.008103446022503812,
      "10": 0.004517006941028561,
      "11": 0.020808011687174152,
      "12": 0.014306500601749391,
      "13": 0.00862846949812571,
      "14": 0.10510404961841324,
      "15": 0.011772595382979293,
      "16": 0.004609208396651747,
      "17": 0.026224924315105074,
      "18": 0.3328381664816578,
      "19": 0.004913794385847706,
      "20": 0.008729510549403918
    },
    "n_genres_evaluated": 21
  },
  "dec_argmax": {
    "genre_nmi": 0.3319401664294564,
    "genre_ari": 0.2439605839706057,
    "genre_ami": 0.33177210294883114,
    "decade_nmi": 0.34160808474396925,
    "decade_ari": 0.21010354161139344,
    "decade_ami": 0.3414990986473878,
    "lang_nmi": 0.29361701130554924,
    "lang_ari": 0.09023614215477464,
    "lang_ami": 0.29350963771426664
  },
  "gmm_k21": {
    "genre_nmi": 0.33243375462136915,
    "genre_ari": 0.24563802335729598,
    "genre_ami": 0.33226647898848494,
    "decade_nmi": 0.3458762267780419,
    "decade_ari": 0.21201285580172882,
    "decade_ami": 0.345768231969178,
    "lang_nmi": 0.28295701789999067,
    "lang_ari": 0.08811950460554087,
    "lang_ami": 0.2828485061475103
  }
}