{
  "kmeans_k21": {
    "genre_nmi": 0.2733696272385037,
    "genre_ari": 0.1475256266311616,
    "genre_ami": 0.2731947777985715,
    "decade_nmi": 0.27547188317037524,
    "decade_ari": 0.14708074335421092,
    "decade_ami": 0.27535680943022217,
    "lang_nmi": 0.2721166090091303,
    "lang_ari": 0.06829723972947091,
    "lang_ami": 0.2720116071749434
  },
  "gmm_k21": {
    "genre_nmi": 0.1865378062803092,
    "genre_ari": 0.026985683522895463,
    "genre_ami": 0.18633967500501486,
    "decade_nmi": 0.28104585562657086,
    "decade_ari": 0.12882313772327061,
    "decade_ami": 0.2809299761916229,
    "lang_nmi": 0.30033191970540857,
    "lang_ari": 0.05514999743957301,
    "lang_ami": 0.3002294848556674
  },
  "per_axis_k_kmeans": {
    "genre_nmi_k21": 0.2733696272385037,
    "genre_ari_k21": 0.1475256266311616,
    "genre_ami_k21": 0.2731947777985715,
    "decade_nmi_k12": 0.29986889680923323,
    "decade_ari_k12": 0.24500744264675653,
    "decade_ami_k12": 0.29979795234030915,
    "lang_nmi_k11": 0.17954628716323834,
    "lang_ari_k11": 0.08374379278751216,
    "lang_ami_k11": 0.1794724267259875
  },
  "multilabel_genre_macro_nmi_kmeans": {
    "macro": 0.03956514311499685,
    "per_genre": {
      "0": 0.14249346551338798,
      "1": 0.016461303259143138,
      "2": 0.010716255577076911,
      "3": 0.014712423824070772,
      "4": 0.015923770545924778,
      "5": 0.0481498925995188,
      "6": 0.14445335469352816,
      "7": 0.008151062763582241,
      "8": 0.004752036385121629,
      "9": 0.007301289986462617,
      "10": 0.003927251306058317,
      "11": 0.018795566947149255,
      "12": 0.013205415252427813,
      "13": 0.010175345509680873,
      "14": 0.06279962181093329,
      "15": 0.011220092237129624,
      "16": 0.004098280579218299,
      "17": 0.08373174326334348,
      "18": 0.19767317660079783,
      "19": 0.004011747679105917,
      "20": 0.008114909081271965
    },
    "n_genres_evaluated": 21
  }
}