{
  "train_loss": [
    0.22327257275890192,
    0.09663434487498898,
    0.07920365956240367,
    0.07064139568254943,
    0.06472333314762627,
    0.059572359234969646,
    0.05385716886151846,
    0.05114961575736036,
    0.04980048918147573,
    0.048018627943204065,
    0.046834603215797785,
    0.045892736911516324,
    0.04490602842575528,
    0.04428442637074179,
    0.0429595621408885,
    0.04219307715719846,
    0.04125959084518833,
    0.040755509911989715,
    0.039927079945493854,
    0.03949726993195545,
    0.03899546443052036,
    0.0386346936135815,
    0.03794030587804956,
    0.03745281925691945,
    0.03679593080181841,
    0.036496260185727596,
    0.03602490176821517,
    0.035754850999627504,
    0.035167409448091436,
    0.03520381433281256,
    0.03499810412101486,
    0.03484553787439083,
    0.03424942668443723,
    0.03427391543997281,
    0.033959983572981516,
    0.03337925841423823,
    0.033537346297080446,
    0.033043064315367444,
    0.03294752036351614,
    0.03291345596159061,
    0.0326584910520309,
    0.03267158410593945,
    0.03229735704502396,
    0.032126314256063604,
    0.032030207753207196,
    0.03183538930262206,
    0.03158955250598091,
    0.03151044284599947,
    0.03138148657887505,
    0.031075959902945167,
    0.03083628101116738,
    0.031015130342185393,
    0.030918593182259067
  ],
  "val_loss": [
    0.07923075740153973,
    0.061681032696595556,
    0.049986178084061694,
    0.0451454303585566,
    0.04325088130740019,
    0.03995712600075282,
    0.03846319082837838,
    0.03746389219394097,
    0.036594213774571054,
    0.037196921901060984,
    0.03394759907745398,
    0.034563144353719856,
    0.0330544754003103,
    0.03289233807187814,
    0.03135263931292754,
    0.03161287763370917,
    0.031011442095041274,
    0.030938867966716105,
    0.03089375696503199,
    0.029316376952024607,
    0.02882003646630507,
    0.028872096767792337,
    0.029833517223596572,
    0.028876564393822964,
    0.02756684124469757,
    0.02715426333821737,
    0.027877494750114588,
    0.026179263912714443,
    0.02703843002135937,
    0.02722218116888633,
    0.025925381338367096,
    0.025218045338988304,
    0.026169013174680563,
    0.024696809282669655,
    0.025136591264834772,
    0.025192218646407128,
    0.02470434376826653,
    0.02485797261962524,
    0.025791389810351225,
    0.02436443564410393,
    0.0247147857856292,
    0.02535464239235108,
    0.023654180937088452,
    0.023942939994426874,
    0.02445463790343358,
    0.024159138649702074,
    0.02399290195451333,
    0.023905953249106042,
    0.024107726777975375,
    0.023861885557954127,
    0.025309498608112335,
    0.023876623981274093,
    0.02365210964702643
  ],
  "final_val_loss": 0.023654180937088452,
  "n_epochs_completed": 53
}