{
  "vanilla_ae_z64": {
    "genre_nmi": 0.2866208621780341,
    "genre_ari": 0.24678976079502962,
    "decade_nmi": 0.36878040220145075,
    "decade_ari": 0.17450312742160148,
    "lang_nmi": 0.09451268619309845,
    "lang_ari": 0.03014019530363082,
    "run_name": "vanilla_ae_z64",
    "n_epochs": 58,
    "final_val_loss": 0.012630676105618476,
    "z_dim": 64
  },
  "ae_z64": {
    "genre_nmi": 0.3280603936225296,
    "genre_ari": 0.22878322541630247,
    "decade_nmi": 0.3407199729863113,
    "decade_ari": 0.2111969101345717,
    "lang_nmi": 0.26435689112887023,
    "lang_ari": 0.08955725717913249,
    "run_name": "ae_z64",
    "n_epochs": 69,
    "final_val_loss": 0.020834357033555323,
    "z_dim": 64
  },
  "ae_z64_w1": {
    "genre_nmi": 0.16505880902891054,
    "genre_ari": 0.09415353606962258,
    "decade_nmi": 0.36685223335864886,
    "decade_ari": 0.17631128328114892,
    "lang_nmi": 0.06982033693635838,
    "lang_ari": 0.025904187199217877,
    "run_name": "ae_z64_w1",
    "n_epochs": 37,
    "final_val_loss": 0.04532858534501149,
    "z_dim": 64
  },
  "dec_z64_k21": {
    "genre_nmi": 0.3319401664294564,
    "genre_ari": 0.2439605839706057,
    "genre_ami": 0.33177210294883114,
    "decade_nmi": 0.34160808474396925,
    "decade_ari": 0.21010354161139344,
    "decade_ami": 0.3414990986473878,
    "lang_nmi": 0.29361701130554924,
    "lang_ari": 0.09023614215477464,
    "lang_ami": 0.29350963771426664,
    "run_name": "dec_z64_k21",
    "z_dim": 64,
    "k": 21
  },
  "kmeans_raw_k21": {
    "genre_nmi": 0.10861620069977071,
    "genre_ari": 0.0632704875853936,
    "decade_nmi": 0.2334719488486929,
    "decade_ari": 0.09263352412667368,
    "lang_nmi": 0.07518038543736326,
    "lang_ari": 0.02596272897709099,
    "run_name": "kmeans_raw_k21",
    "z_dim": 564
  },
  "pca_kmeans_k21": {
    "genre_nmi": 0.08440818250326752,
    "genre_ari": 0.06085039031229014,
    "decade_nmi": 0.22437297052187283,
    "decade_ari": 0.08453283569676588,
    "lang_nmi": 0.09432927332467915,
    "lang_ari": 0.04219063533543251,
    "run_name": "pca_kmeans_k21",
    "z_dim": 64
  }
}